107360514,For A Better Day (KSHMR Remix),Avicii,
107758100,What Do You Mean? (Backing Track),What Do You Mean,
70079770,All of Me,John Legend,
90326855,Time of Our Lives,Pitbull,
786778,I'm Yours,Jason Mraz,
94424876,Marvin Gaye (feat. Meghan Trainor),Charlie Puth,
542012,Africa,Toto,
5404605,You Spin Me Round (Like a Record),Dead or Alive,
5404585,99 Red Balloons,Nena,
5404548,Down Under,Men at Work,
5404532,Party All the Time,Eddie Murphy,
7164311,Tarzan Boy (Original Hit Version),Baltimora,
5404573,I Can't Go for That (No Can Do) (Single Version),Daryl Hall & John Oates,
1080243,Working For The Weekend,Loverboy,
3394341,Mad About You (LP Version),Belinda Carlisle,
3130318,Gold,Spandau Ballet,
3130902,Love Is A Battlefield,Pat Benatar,
3102828,Alone (2000 Digital Remaster),Heart,
3905060,Two Hearts,Phil Collins,
70009191,Total Eclipse of the Heart,Bonnie Tyler,
4253016,Your Love,The Outfield,
6410074,St. Elmos Fire (Man In Motion),John Parr,
2194974,Coco Jamboo (Radio Version),Mr. President,
62724019,When I Was Your Man,Bruno Mars,
71403230,Timber,Pitbull,
12270341,Rain Over Me,Pitbull,
60813989,Don't Stop the Party,Pitbull,
3160142,Hot N Cold,Katy Perry,
14639815,Jesus He Knows Me (2007 Remastered Version),Genesis,
17943775,Xanadu (Xanadu Soundtrack Version),Olivia Newton-John,
68579060,Live It Up,Jennifer Lopez,
4225613,Listen To Your Heart,Roxette,
4225608,Dangerous,Roxette,
756276,She Drives Me Crazy,Fine Young Cannibals,
5094594,Good Thing,Fine Young Cannibals,
17680024,Time To Say Goodbye (Con Te Partirò),Sarah Brightman,
74472984,De ville en aventure,Breen Leboeuf,
100597158,Try Me (feat. Jennifer Lopez & Matoma),Jason Derulo,
17604596,Live It Up Tonight,Enrique Iglesias,
15722818,Jumpstart,These Kids Wear Crowns,
76002414,SURFBOARD,Cody Simpson,
80902804,Amnesia,5 Seconds Of Summer,
68618078,"Hungry Eyes (From ""Dirty Dancing"")",Movie Soundtrack All Stars,
3140671,Heartbreaker,Pat Benatar,
3140678,Hit Me With Your Best Shot,Pat Benatar,
1015071,Poison,Alice Cooper,
68097795,The Last Resort (Remastered),Eagles,
678388,The Glamorous Life,Sheila E,
13805974,"If I Had $1,000,000",Barenaked Ladies,
1131131,Hungry Eyes,Eric Carmen,
1072248,Everything She Wants,Wham!,
3103791,Daniel (Digitally Remastered 00),Wilson Phillips,
16663374,While My Guitar Gently Weeps,Tom Petty,
17968740,Show Me The Way,Styx,
13159166,Toy Soldiers,Martika,
65200780,So Hard,Sass Jordan,
5404586,Tell It to My Heart (Single Mix),Taylor Dayne,
72089261,Prove Your Love,Taylor Dayne,
3311528,Straight Up,Paula Abdul,
3109327,Forever Your Girl (Single Version),Paula Abdul,
102100016,S.O.B.,Nathaniel Rateliff & The Night Sweats,
100081626,Sugar,Maroon 5,
10459776,You're A Strange Animal,Gowan,
19771681,I Get Weak,Belinda Carlisle,
3116051,Do You Believe In Love (2006 Digital Remaster),Huey Lewis & The News,
109517606,Middle,DJ Snake,
74996859,Chien Sale Régal,Bengee,
74996862,Yaris 2007,Bengee,
15088067,D'amour ou d'amitié,Céline Dion,
15088072,Mon ami m'a quittée,Céline Dion,
71059074,Cool Kids,Echosmith,
14299458,No One Like You,Scorpions,
79875054,Photograph,Ed Sheeran,
79875064,Thinking Out Loud,Ed Sheeran,
17781153,Wind Of Change,Scorpions,
17689079,Life Is A Lemon Radio Edit,Meat Loaf,
83385596,Problem,Ariana Grande,
29147251,Kiss You Inside Out,Hedley,
17442929,Come As You Are,Nirvana,
3116062,Hip To Be Square (2006 Digital Remaster),Huey Lewis & The News,
17687253,I Was Made For Lovin' You,Kiss,
102537092,Reality (Radio Edit),Lost Frequencies,
88299351,Leave The Night On,Sam Hunt,
13144858,Piano Man,Billy Joel,
17605994,Keep The Faith,Bon Jovi,
89597763,Fun,Pitbull,
17730118,Back In The High Life Again,Steve Winwood,
71630480,This Is How We Do,Katy Perry,
67959012,Wanted,Hunter Hayes,
109742734,"Love Myself (From ""Jem And The Holograms"" Soundtrack)",Hailee Steinfeld,
95813354,See You Again (feat. Charlie Puth),Wiz Khalifa,
104576288,Riptide,Vance Joy,
73485618,Dirty Laundry (Live Millennium Concert Version),Eagles,
977947,Waiting For a Girl Like You (2008 Remastered Version),Foreigner,
14525086,Careless Whisper,George Michael,
3105195,Hit Me With Your Best Shot,Pat Benatar,
94620632,Era già tutto previsto,Andrea Bocelli,
17692521,If I Die Young,The Band Perry,
619313,Carrie,Europe,
7216942,Count On Me,Bruno Mars,
2889765,Never Say Never,The Fray,
88209921,Not Over You,Gavin DeGraw,
66499245,Call Me Maybe,Carly Rae Jepsen,
2889763,You Found Me,The Fray,
581533,Can't Fight This Feeling,REO Speedwagon,
60137321,Just Give Me a Reason,P!nk,
3159795,Don't You Want Me,The Human League,
569559,I Can't Go for That (No Can Do) (Remastered),Daryl Hall & John Oates,
965376,We Built This City,Starship,
1074367,Runaway Train,Soul Asylum,
3119141,Fallen Angel (2006 - Remaster),Poison,
80902778,Don't Stop,5 Seconds Of Summer,
80902776,She Looks So Perfect,5 Seconds Of Summer,
555640,Beat It (Single Version),Michael Jackson,
92720046,Back In Black,AC/DC,
555641,Billie Jean,Michael Jackson,
15586213,Born in the U.S.A.,Bruce Springsteen,
70009156,Careless Whisper,George Michael,
534462,Don't Stop Believin',Journey,
14636248,Just Can't Get Enough (2006 Remastered Version),Depeche Mode,
678372,La Isla Bonita,Madonna,
5404611,Let's Groove,"Earth, Wind & Fire",
59509481,Man in the Mirror (2012 Remaster),Michael Jackson,
608749,Manic Monday,The Bangles,
5404528,"Never Gonna Give You Up (7"" Mix)",Rick Astley,
2323846,Nothing's Gonna Stop Us Now,Starship,
17941319,Physical,Olivia Newton-John,
5404604,Poison (Single Version),Alice Cooper,
17938636,The Boys Of Summer,Don Henley,
2167022,Sweet Dreams (Are Made of This),Eurythmics,
17795872,Tainted Love,Soft Cell,
7675055,"Take My Breath Away (Love Theme from ""Top Gun"")",Berlin,
664107,Take On Me,a-ha,
561785,There Must Be an Angel (Playing with My Heart) (Remastered Version),Eurythmics,
601886,Touch Me (I Want Your Body),Samantha Fox,
548673,Uptown Girl,Billy Joel,
5404526,Wake Me Up Before You Go-Go,Wham!,
547135,Walk Like an Egyptian,The Bangles,
6599483,You Can Call Me Al,Paul Simon,
864036,You Spin Me Round (Like a Record),Dead or Alive,
71521188,Two Tribes,Frankie Goes to Hollywood,
4762629,99 Red Balloons,Nena,
3116055,I Know What I Like (2006 Digital Remaster),Huey Lewis & The News,
14637893,Too Late For Goodbyes,Julian Lennon,
15177642,Born to Run,Bruce Springsteen,
15177641,Dancing in the Dark,Bruce Springsteen,
15176013,Glory Days,Bruce Springsteen,
3362498,Mary's Prayer,Danny Wilson,
15417669,Brest bay,Stand High Patrol,
17946332,Super Freak,Rick James,
17968746,Suite Madame Blue,Styx,
17838171,Tainted Love,Soft Cell,
100081638,My Heart Is Open,Maroon 5,
66533318,The Show Must Go On Remastered 2011,Queen,
3905056,Another Day In Paradise,Phil Collins,
8146782,One More Try (Remastered),George Michael,
68618080,"Cruel Summer (From ""The Karate Kid"")",Movie Soundtrack All Stars,
70996824,I Ran,A Flock of Seagulls,
79845880,Nothing's Gonna Stop Us Now,Starship,
79543148,Hold the Line,Toto,
17691006,Fields Of Gold,Sting,
89179583,Sledgehammer,Fifth Harmony,
2627636,Glory Of Love,Peter Cetera,
17606004,I'll Be There For You,Bon Jovi,
674958,Black Velvet,Alannah Myles,
600629,Never Gonna Give You Up,Rick Astley,
114394344,Amazing,Foxes,
103996098,How Deep Is Your Love,Calvin Harris,
105878272,One Call Away,Charlie Puth,
105771042,Hula Hoop,Omi,
112350074,Love Yourself,Justin Bieber,
102671422,Locked Away,R. City,
109765186,Perfect,One Direction,
99559724,Do It Again,Pia Mia,
95402892,2 Heads,Coleman Hell,
83083294,Animals,Maroon 5,
60698275,I Will Wait,Mumford & Sons,
17479801,Little Talks,Of Monsters And Men,
75541717,Jealous (I Ain't With It),Chromeo,
74114435,Million Years,Walter Schnitzelsson,
565262,Who Can It Be Now?,Men at Work,
62419007,Flashdance...What a Feeling (Radio Edit),Irene Cara,
18018084,Video Killed The Radio Star,The Buggles,
1131130,She's Like the Wind,Patrick Swayze,
576423,Burning Heart,Survivor,
72282091,Sally Simpson,The Who,
17985291,"Put A Little Love In Your Heart (From ""Scrooged"" Soundtrack)",Al Green,
13139973,Nothing's Gonna Stop Us Now,Starship,
3166724,Walking On Sunshine,Katrina & The Waves,
65813967,Gitano Soy,Manolo,
3153788,If You Leave,Orchestral Manoeuvres in the Dark,
3732426,Mrs. Robinson,Simon & Garfunkel,
7773014,Maniac (Flashdance) [Re-Recorded],Michael Sembello,
4298172,Voyage voyage,Desireless,
541879,Wake Me Up Before You Go-Go,Wham!,
17416525,Who's Holding Donna Now?,DeBarge,
7675051,Danger Zone,Kenny Loggins,
14611724,Boys Don't Cry,The Cure,
3821898,Shake Your Love,Debbie Gibson,
13177980,Let's Hear It for the Boy,Deniece Williams,
6069330,Crush On You,The Jets,
88611677,Jackie Don't Go,Survivor,
84221397,Raspberry Beret (Originally Performed by Prince & The Revolution) [Karaoke Version],Mega Tracks Karaoke Band,
698260,Big In Japan (Original),Alphaville,
94059234,Tú Me Vas A Llorar,Los Temerarios,
18055012,Rhythm Of The Night,DeBarge,
12270393,Rain Over Me,Pitbull,
9071507,Every Man Must Have a Dream,Liverpool Express,
87934783,Boys (Summertime Love),Sabrina,
5748701,I Wanna Dance with Somebody (Who Loves Me),Whitney Houston,
18023304,Joe le taxi,Vanessa Paradis,
7779621,Let's Hear It for the Boy,Deniece Williams,
58788581,Between The Raindrops,Lifehouse,
17447240,Les vieux mariés Album Version,Michel Sardou,
17604777,I Want You Back,Jackson 5,
776220,Ain't Nobody,Chaka Khan,
4286053,We Are the People,Empire Of The Sun,
13025820,Ca Fait Rire Les Oiseaux,La Compagnie Créole,
17609995,Sir Duke (Album Version),Stevie Wonder,
111509146,Les bourgeois,Jacques Brel,
3233981,Too Late For Goodbyes,Julian Lennon,
74602299,Come with Me Now,Kongos,
3133738,Wannabe (Radio Edit),Spice Girls,
8146779,Faith (Remastered),George Michael,
4008364,"Hey, Soul Sister",Train,
27517561,My Weakness,Kris Allen,
63456074,Closer,Tegan and Sara,
17611912,I Just Called To Say I Love You,Stevie Wonder,
105695982,S.O.B.,Nathaniel Rateliff & The Night Sweats,
532168,Home By Now/No Matter What,Meat Loaf,
100059620,Back It Up (Spanish Version),Prince Royce,
33876721,Yah-Mo Be There,James Ingram,
6470445,Turn Your Love Around,George Benson,
3821173,We're Not Gonna Take It (Remastered Album Version),Twisted Sister,
4605068,Islands In the Stream,Dolly Parton,
18053322,Hurts So Good (Album Version),John Mellencamp,
92720102,Thunderstruck,AC/DC,
674643,Just What I Needed,The Cars,
17730114,Valerie,Steve Winwood,
977948,I Want To Know What Love Is (2008 Remastered Version),Foreigner,
6071034,"Get Outta My Dreams, Get Into My Car",Billy Ocean,
18019424,Somebody For Me,Heavy D & The Boyz,
75820483,Amor,Julio Iglesias,
17940680,Luka,Suzanne Vega,
3822133,Turn Your Love Around,George Benson,
3102238,White Wedding - Part 1 (2001- Remaster),Billy Idol,
69505550,Train in Vain (Remastered),The Clash,
557641,Living After Midnight,Judas Priest,
90377203,Sunglasses At Night (Acoustic Version),Corey Hart,
3140135,Rebel Yell (1999 - Remaster),Billy Idol,
3140132,Dancing With Myself (EP Version;2001 Digital Remaster),Generation X,
17968748,Mr. Roboto,Styx,
70996821,Out of Touch,Daryl Hall & John Oates,
601891,I Only Wanna Be With You,Samantha Fox,
632329,Nothing's Gonna Stop Me Now,Samantha Fox,
601892,I Surrender (To the Spirit of the Night),Samantha Fox,
601904,I Promise You,Samantha Fox,
17976688,Sultans Of Swing,Dire Straits,
78069527,Walk Of Life,Dire Straits,
17691017,So Lonely,The Police,
111982980,Avec tes yeux (Pretty Face) (Bonus),Roch Voisine,
17609151,Someday I'll Be Saturday Night (Album Version),Bon Jovi,
108465260,Save A Prayer,Eagles of Death Metal,
3311523,Knocked Out,Paula Abdul,
3311522,The Way That You Love Me,Paula Abdul,
74706363,Let It Go (European Single Version),Luba,
77325365,Tribal Dance,2 Unlimited,
77325375,The Real Thing,2 Unlimited,
19271701,Beautiful Life,Ace of Base,
15670650,Ride On Time,Black Box,
1059111,Let The Beat Go On (Short),Dr. Alban,
1048736,Sing Hallelujah!,Dr. Alban,
1048727,It's My Life,Dr. Alban,
107313494,Scatman's World (Single Mix),Scatman John,
116266138,Boom Boom Boom Boom,Vengaboys,
15709162,Don't Talk Just Kiss,Right Said Fred,
61721045,Captain Jack (Short Mix),Captain Jack,
17968742,Come Sail Away,Styx,
17967242,Doctor Jones,Aqua,
71268850,Gilberto,Diane Tell,
14135964,Explota Corazón,Mercurio,
77508691,Sème la vie,Marjo,
77585561,Trop d'amour,Marjo,
77577464,Sans toît ni loi,Marjo,
1076536,Spirit Of America,Samantha Fox,
1075398,Love House,Samantha Fox,
541377,Mandy,Barry Manilow,
1076432,Copacabana (Remastered),Barry Manilow,
548678,We Didn't Start the Fire,Billy Joel,
863432,Turbo Lover,Judas Priest,
531795,"Femmes, je vous aime",Claude Barzotti,
531802,J'ai les bleus,Claude Barzotti,
531797,"Beau, j's'rai jamais beau",Claude Barzotti,
1041994,Où Tu Iras J'Irai,Claude Barzotti,
606065,Le chant des solitaires,Claude Barzotti,
981524,En ce temps-là,Claude Barzotti,
531793,Là où j'irai,Claude Barzotti,
2453323,Ami Ami,Claude Barzotti,
26088811,"The Heat Is On (From ""Beverly Hills Cop"" Soundtrack)",Glenn Frey,
858207,Smooth Operator (Single Version),Sade,
3245244,19,Paul Hardcastle,
113565128,Marie-Louise,Zebulon,
113553020,R'viens pas trop tard,Zebulon,
113553016,Sofa,Zebulon,
113553028,Y fait chaud,Zebulon,
113553036,Adrénaline,Zebulon,
113553032,Pas capable,Zebulon,
113553022,J't'aime encore,Zebulon,
113553034,Casino,Zebulon,
113553026,Apocalypse,Zebulon,
113553030,L'oeil du zig,Zebulon,
113553024,Le pédophile cybernétique,Zebulon,
113553038,Banque,Zebulon,
113565126,Les femmes préfèrent les ginos,Zebulon,
77622228,Remixer ma vie,Ginette Reno,
77621658,Rouler collés,Richard Desjardins,
77622636,La 20,Plume Latraverse,
77622516,Retour à la terre,Plume Latraverse,
3393957,Chinatown (2004 Digital Remaster),Beau Dommage,
869901,Je n'ai que mon âme,Natasha St-Pier,
76540186,L'ange vagabond,Richard Séguin,
76540190,Pleure à ma place,Richard Séguin,
76540185,Et tu marches,Richard Séguin,
76540184,Journée d'Amérique,Richard Séguin,
77524287,Quand on est en amour,Patrick Norman,
90777837,Dors Caroline,Johanne Blouin,
871442,Gitan,Garou,
871446,Que l'amour est violent,Garou,
86136455,Le quai d'une autre gare,Maxime Landry,
90777827,J'aurais voulu te dire,Johanne Blouin,
17608170,Back Off Bitch (Album Version Explicit),Guns N' Roses,
114374788,Get In The Ring,Guns N' Roses,
17605937,Nightrain,Guns N' Roses,
17605945,Anything Goes,Guns N' Roses,
82490288,Hair Of The Dog,Guns N' Roses,
17605950,Mama Kin (Live Version Explicit),Guns N' Roses,
17605954,One In A Million (Album Version),Guns N' Roses,
46327661,Débranche,France Gall,
3532529,Goodbye lover,Liane Foly,
8113520,C'est l'amour (Version originale),Léopold Nord & Vous,
561691,Ça va pas changer le monde,Joe Dassin,
77508413,Salut les amoureux,Joe Dassin,
77508418,Si tu t'appelles Mélancolie,Joe Dassin,
561686,Et si tu n'existais pas,Joe Dassin,
3116053,Back In Time (2006 Digital Remaster),Huey Lewis & The News,
17446537,Blood On The Bricks,Aldo Nova,
2477001,Holding Back the Years (2008 Remastered Version),Simply Red,
5662806,I'm Too Sexy,Right Said Fred,
1287248,I Think We're Alone Now (Re-Recorded),Tiffany,
3155191,How Do You Do!,Roxette,
977956,Heart Turns to Stone (2008 Remastered Version),Foreigner,
977933,"Long, Long Way from Home (2008 Remastered Version)",Foreigner,
546757,"I'm So Excited (12"" Remix)",The Pointer Sisters,
977946,Urgent (2008 Remastered Version),Foreigner,
17797117,Mr. Roboto,Styx,
1427569,Bette Davis Eyes,Kim Carnes,
17598766,The Best Of Times,Styx,
600164,Neutron Dance,The Pointer Sisters,
624003,She Works Hard for the Money (Live),Donna Summer,
8164645,Earth Song,Michael Jackson,
763336,Just A Gigolo / I Ain't Got Nobody,David Lee Roth,
18100179,Have You Ever Seen The Rain? (Album Version),Creedence Clearwater Revival,
119272044,Need You Tonight,Bonnie Raitt,
119272056,If You Need Somebody,Bonnie Raitt,
3874614,Don't You Want Me (2002 - Remaster),The Human League,
17604174,Video Killed The Radio Star (Single Version),The Buggles,
678356,A Love Bizarre,Sheila E,
79782640,Baby Hold On,Eddie Money,
79782644,You've Really Got a Hold On Me,Eddie Money,
79782688,Walk On Water,Eddie Money,
79782690,The Love In Your Eyes,Eddie Money,
79782692,Let Me In,Eddie Money,
79782698,Another Nice Day In L.A.,Eddie Money,
598889,"Get Outta My Dreams, Get Into My Car",Billy Ocean,
598905,Love Really Hurts Without You,Billy Ocean,
632338,I Wanna Have Some Fun,Samantha Fox,
632346,Naughty Girls (Need Love Too),Samantha Fox,
4209691,Gloria,Laura Branigan,
100598482,Want to Want Me,Jason Derulo,
509149,Les Boys,Éric Lapointe,
601889,Nothing's Gonna Stop Me Now,Samantha Fox,
17609962,You Are The Sunshine Of My Life (Album Version),Stevie Wonder,
17941323,You're The One That I Want,John Travolta,
17941324,Summer Nights,John Travolta,
62712747,We Go Together,John Travolta,
18081487,Désenchantée,Mylène Farmer,
2795613,I Wanna Dance with Somebody (Single Version),Whitney Houston,
584816,Back for Good (Radio Mix),Take That,
3960621,I Will Always Love You,Whitney Houston,
17942274,Angel,Shaggy,
8164649,You Are Not Alone,Michael Jackson,
4225611,(I Could Never) Give You Up,Roxette,
1765338,Forever Young,Tiffany,
3667423,If You Leave Me Now (Remastered),Chicago,
17614447,Is This Love (20th Anniversary Remaster),Whitesnake,
18020320,Love Hurts,Nazareth,
17781181,Still Loving You,Scorpions,
15265844,Love Bites (Live),Def Leppard,
17604916,Don't Cry (Original) (Album Version),Guns N' Roses,
17633200,Every Day I Write The Book,Elvis Costello & The Attractions,
66140647,Don't Stop Me Now,Queen,
5404596,"You're My Heart, You're My Soul (Mix '84)",Modern Talking,
63041981,More Than a Feeling,Boston,
17603486,Marilyn & John,Vanessa Paradis,
65809327,"Everybody Needs Somebody to Love (From ""The Blues Brothers"")",The Blues Brothers,
3159326,Walking On Sunshine,Katrina & The Waves,
60847054,Live While We're Young,One Direction,
1069598,Down By the Sea (Album Version),Men at Work,
1079104,Baby Hold On,Eddie Money,
3144076,Turning Japanese,The Vapors,
675799,Self Control,Laura Branigan,
763328,California Girls,David Lee Roth,
3832788,Coconut Grove,David Lee Roth,
6635448,Just Like Paradise,David Lee Roth,
90176013,Promenade sur Mars,Offenbach,
90176007,Je chante comme un coyote,Offenbach,
90176021,Rock de v'lour,Offenbach,
77552653,Pour qu'on se garde,Marc Dupré,
120705040,It's Uncanny,Daryl Hall & John Oates,
120705042,She's Gone,Daryl Hall & John Oates,
120705044,Love You Like A Brother,Daryl Hall & John Oates,
120705046,When The Morning Comes,Daryl Hall & John Oates,
120705048,I'm Sorry,Daryl Hall & John Oates,
120705050,Las Vegas Turnaround (The Stewardess Song),Daryl Hall & John Oates,
120705052,Fall In Philadelphia,Daryl Hall & John Oates,
120705054,Goodnight And Goodmorning,Daryl Hall & John Oates,
120705056,You're Much Too Soon,Daryl Hall & John Oates,
120705058,Lilly (Are You Happy),Daryl Hall & John Oates,
120705060,Can't Stop The Music (He Played It Much Too Long),Daryl Hall & John Oates,
120705062,Past Times Behind,Daryl Hall & John Oates,
120705064,Is It A Star,Daryl Hall & John Oates,
120705066,Lady Rain,Daryl Hall & John Oates,
120705068,Had I Known You Better Then,Daryl Hall & John Oates,
120705070,Beanie G. And The Rose Tattoo,Daryl Hall & John Oates,
120705072,Better Watch Your Back,Daryl Hall & John Oates,
120705074,Everytime I Look At You,Daryl Hall & John Oates,
120705076,I'm Just A Kid (Don't Make Me Feel Like A Man),Daryl Hall & John Oates,
120705078,Waterwheel,Daryl Hall & John Oates,
77525951,Rendez-vous doux,Gerry Boulet,
77525957,Café Rimbaud,Gerry Boulet,
77525946,La femme d'or,Gerry Boulet,
77525945,Angela,Gerry Boulet,
121619614,Cherish,Kool & The Gang,
121619604,Fresh,Kool & The Gang,
116914022,Time,Pink Floyd,
116914028,Us and Them,Pink Floyd,
77325360,No Limit,2 Unlimited,
88003131,The Song Remains The Same,Led Zeppelin,
15684303,Five Long Years,Colin James,
3424991,Chicks 'N Cars (And The Third World War),Colin James,
17968737,Too Much Time On My Hands,Styx,
62605597,Rita,Too Many Cooks,
92720016,For Those About to Rock (We Salute You),AC/DC,
15684313,Voodoo Thing,Colin James,
15556979,Si j'étais un homme,Diane Tell,
77620358,La bête humaine,Dan Bigras,
17608032,Down,Jay Sean,
92598654,Pour le plaisir,Herbert Leonard,
18046857,Joanna (Single Version),Kool & The Gang,
17691578,Still Of The Night,Whitesnake,
18061189,Rhythm Of Love (Album Version),Scorpions,
77621792,Le bon gars,Richard Desjardins,
125513414,Work from Home,Fifth Harmony,
77497945,Sans cri ni haine,Marie-Mai,
77477939,Je cours,Marie-Mai,
77622528,J'veux m'en r'tourner chez nous ( Alcohol...),Plume Latraverse,
7827696,Ambiance à l'africaine,Magic System,
66632307,Champ de Bataille (Album Version),Mario Pelchat,
10099675,J'aimerais trop (Radio Mix),Keen' V,
67354825,Riptide,Vance Joy,
72114755,Heaven In Our Headlights,Hedley,
65080205,Get Away (Leave Me ALone),Freezing Hands,
110321538,Shades of Michaelangelo (Live),Belinda Carlisle,
92996676,First Kiss,Kid Rock,
58702741,My Song (2004 Digital Remaster),Glass Tiger,
124603460,Me Too,Meghan Trainor,
17682418,Objects In The Rear View Mirror May Appear Closer Than They Are (AC Radio Edit),Meat Loaf,
994826,Everybody Get Up (Radio Edit),Five,
11542752,Forever Young,Tiffany,
536485,Kids,MGMT,
15627439,It Would Take a Strong Strong Man,Rick Astley,
4715021,Maniac (Flashdance Version) (Re-Recorded / Remastered),Michael Sembello,
13144756,Ghosts,Michael Jackson,
77525495,Je partirai,Mario Pelchat,
66643423,Perdue L'Envie D'Aimer (Album Version),Mario Pelchat,
66643419,Sur Ta Musique (Album Version),Mario Pelchat,
664515,Cherish,Madonna,
4209657,Dress You Up,Madonna,
97546226,Rule the World,Walk Off the Earth,
17941881,I Alone (Album Version),Live,
14629236,All That You Are,The Goo Goo Dolls,
15177383,Brilliant Disguise,Bruce Springsteen,
62118994,My Life Would Suck Without You,Kelly Clarkson,
80271302,"Hello Again (From ""The Jazz Singer"" Soundtrack)",Neil Diamond,
90277643,You Don't Bring Me Flowers (Solo Version),Neil Diamond,
80271304,Beautiful Noise,Neil Diamond,
80271314,September Morn,Neil Diamond,
90277623,Forever In Blue Jeans (Single Version),Neil Diamond,
80271346,I'm A Believer,Neil Diamond,
80271308,"America (From ""The Jazz Singer"" Soundtrack)",Neil Diamond,
90277651,"Cherry, Cherry (Single Version)",Neil Diamond,
13144805,Blood on the Dance Floor,Michael Jackson,
13144780,Morphine,Michael Jackson,
13144755,Superfly Sister,Michael Jackson,
13144769,Is It Scary,Michael Jackson,
13144768,Scream Louder (Flyte Tyme Remix),Michael Jackson,
13144767,Money (Fire Island Radio Edit),Michael Jackson,
13144782,2 Bad (Refugee Camp Mix),Michael Jackson,
13144754,Stranger in Moscow (Tee's In-House Club Mix),Michael Jackson,
13144784,This Time Around (D.M. Radio Mix),Michael Jackson,
13144777,Earth Song (Hani's Extended Radio Experience),Michael Jackson,
13144753,You Are Not Alone (Classic Club Mix),Michael Jackson,
13144766,History (Tony Moran's HIStory Lesson),Michael Jackson,
787169,American Idiot,Green Day,
787181,Jesus Of Suburbia,Green Day,
787190,Holiday/Boulevard Of Broken Dreams,Green Day,
787198,Are We The Waiting/St. Jimmy,Green Day,
70222270,Straight Through My Heart (Main Version),Backstreet Boys,
13166573,Be My Lover,La Bouche,
17347911,Mr. Vain (Radio Edit),Culture Beat,
4538926,Moonlight Sonata: Adagio Sostenuto,Ludwig van Beethoven,
17633907,Wild World,Cat Stevens,
80354238,Don't Bring Me Down,Electric Light Orchestra,
2814884,Juke Box Hero,Foreigner,
14615047,That's All (LP Version),Genesis,
93103494,House of the Rising Sun (Remastered),The Animals,
664450,Dreams,Fleetwood Mac,
17934685,With A Little Help From My Friends,Joe Cocker,
812715,La Grange,ZZ Top,
18059889,Walk Of Life,Dire Straits,
86910585,Wonderwall (Remastered),Oasis,
14611737,Friday I'm In Love (LP Version),The Cure,
89591963,Over My Shoulder,Mike + The Mechanics,
1030221,Down Under,Men at Work,
67549264,Don't Stop (2004 Remastered Edition),Fleetwood Mac,
17797202,Breakfast At Tiffany's,Deep Blue Something,
17633190,Oliver's Army,Elvis Costello & The Attractions,
4209675,Burning Down The House (45 Version),Talking Heads,
17691016,Roxanne,The Police,
4223957,Sleeping In My Car,Roxette,
687690,Long Distance Runaround (Remastered Version),Yes,
71154320,Knockin' On Heaven's Door (Remastered),Bob Dylan,
17135114,The One That Got Away,Katy Perry,
72544950,Diana,One Direction,
344784151,Elle a,Keen' V,
72532971,Wake Me Up,Avicil,
145433238,Do You Love Me,Jay Sean,
76985015,Counting Stars,OneRepublic,
81689190,"Honey, I'm Good.",Andy Grammer,
65372358,Mirrors (Radio Edit),Justin Timberlake,
129699980,Let Me Love You,DJ Snake,
134388798,Call on Me (Ryan Riback Remix),Starley,
112350070,What Do You Mean?,Justin Bieber,
4094744,Stay In The Light,Honeymoon Suite,
-1667991106,Avant de partir,Roch Voisine,
13816449,So Serious,Electric Light Orchestra,
3475799,Don't Forget Me (When I'm Gone),Glass Tiger,
60703007,Twilight Zone,Golden Earring,
1277819,So What,P!nk,
62715071,Take A Chance On Me,ABBA,
15593985,All of Your Life (You Need Love),Backstreet Boys,
61782334,Visa Pour Les Beaux Jours,Audio Idols,
13129202,I Just Can't Stop Loving You,Michael Jackson,
111982888,Là-bas dans l'ombre (Bonus) (Version européenne),Roch Voisine,
84840929,Take Me to Your Heart,Rick Astley,
63534312,Mr. Personality,Gillette,
63534226,Short Dick Man (feat. Gillette) (Club Mix),20 Fingers,
17817392,Spanish Train,Chris de Burgh,
17453821,The Edge Of Glory,Lady Gaga,
19800041,Don't Pay The Ferryman Album Version,Chris de Burgh,
66245139,Slippin' Into Darkness,Saints & Sinners,
66245136,We Belong,Saints & Sinners,
66245135,Lesson of Love,Saints & Sinners,
66245134,Wheels of Fire,Saints & Sinners,
66245133,Kiss the Bastards,Saints & Sinners,
66245132,Takin' My Chances,Saints & Sinners,
66245131,Walk That Walk,Saints & Sinners,
66245130,Rip It Up,Saints & Sinners,
66245129,Shake,Saints & Sinners,
66245138,Frankenstein,Saints & Sinners,
66245137,Intro - Frankenstein,Saints & Sinners,
65461070,Call Me (Original Alike),Spagna,
3307069,Together in Electric Dreams (2003 - Remaster),Phil Oakey,
3092933,The Sound Of The Crowd (2002 Digital Remaster),The Human League,
136404774,Louise,The Human League,
3249830,I Love You Too Much,The Human League,
4086584,We Could Be Together,Debbie Gibson,
17691003,Every Breath You Take,The Police,
13720472,Immigrant Song (Live),Great White,
20135441,Coquette,Paul McCartney,
114779082,"Ob-La-Di, Ob-La-Da Remastered",The Beatles,
66033551,The Hampsterdance Song,Hampton the Hampster,
18100175,Run Through The Jungle (Album Version),Creedence Clearwater Revival,
13705616,"When the Going Gets Tough, the Tough Get Going",Billy Ocean,
13705618,Without You,Billy Ocean,
371184931,Déjà Vu,Katy Perry,
60578281,Tonight,Ken Laszlo,
142986206,Perfect,Ed Sheeran,
19780171,I Can't Help Myself,John Fogerty,
2465172,À quatre pas d'ici (Album Version),Céline Dion,
72004663,Quand je tombe en amour,Martine St. Clair,
91483654,"Lavez, lavez",Martine St-Clair,
64847731,Le Boys Blues Band,Éric Lapointe,
6427326,Du soleil dans la nuit,Gérard Blanc,
73277102,Indigene,Marc Gabriel,
73277098,Karianne,Marc Gabriel,
73277105,Tu y'arriveras,Marc Gabriel,
73277054,Jerusalem,Marc Gabriel,
73277055,La vallee des rois,Marc Gabriel,
73277103,Tous les heros,Marc Gabriel,
73277101,Le lion est mort ce soir,Marc Gabriel,
73277056,Transatlantique,Marc Gabriel,
73277062,Pour une fois,Marc Gabriel,
73277058,Tabous,Marc Gabriel,
12904462,Le Monde Est Stone (extrait De Starmania),Fabienne Thibeault,
3996003,Le Monde Est Stone (Extrait De Starmania),Fabienne Thibeault,
3111030,I'm Gonna Be (500 Miles),The Proclaimers,
3111037,I'm On My Way,The Proclaimers,
89429835,All I Need Is A Miracle,Mike + The Mechanics,
17778870,The Living Years,Mike + The Mechanics,
72273606,Midnight At the Lost and Found,Meat Loaf,
867302,Superman (It's Not Easy),Five for Fighting,
3126343,Unchain My Heart,Joe Cocker,
15681535,You Are So Beautiful,Joe Cocker,
17976547,Everybody Wants To Rule The World,Tears for Fears,
2627147,All American Girls,Sister Sledge,
75070408,Groove Is in the Heart,Deee-Lite,
67943089,We Didn't Start the Fire,Billy Joel,
14615046,Mama (LP Version),Genesis,
78869402,Raise Your Glass,Dena Deadly,
625836,It's Still Rock and Roll to Me,Billy Joel,
567680,Eye In The Sky,The Alan Parsons Project,
109903988,Upside Down,80s Greatest Hits,
145437874,Don't Go,Compilation Années 80,
96583192,You Got It (The Right Stuff),Compilation 80's,
1873639,Où Sont Les Femmes,Generation Disco,
131961934,A cause des garçons,Années 80 Forever,
103890340,Rhythm of the Night,Compilation Années 80,
115118434,Let the Music Play,Compilation 80's,
131961952,Tous les bateaux s'envolent,Années 80 Forever,
113357462,Out of Touch,Compilation Années 80,
114204144,One Night in Bangkok,80's Pop Band,
94867156,Higher Love,Compilation 80's,
94898650,Flashdance...What a Feeling,80's Pop Band,
96583178,Broken Wings,Compilation 80's,
1065849,Step by Step,New Kids on the Block,
5404551,You Got It (The Right Stuff),New Kids on the Block,
1277795,Cover Girl,New Kids on the Block,
1277794,I'll Be Loving You (Forever),New Kids on the Block,
143352978,Still Sounds Good,New Kids on the Block,
1277798,Tonight,New Kids on the Block,
2482143,Step By Step (The C & C Vocal Club Mix),New Kids on the Block,
1068156,Please Don't Go Girl (Album Version),New Kids on the Block,
13205345,Never Let You Go (Album Version),New Kids on the Block,
1054079,Angel (Album Version),New Kids on the Block,
71332766,Jane,Starship,
72004801,Faut pas que j'panique,Marie Carmen,
72004802,Dans la peau,Marie Carmen,
72004803,C'est pas perdu,Marie Carmen,
72004806,Donne-toi,Marie Carmen,
3821893,Staying Together,Debbie Gibson,
3821894,Only In My Dreams,Debbie Gibson,
3821896,Red Hot,Debbie Gibson,
3821897,Wake Up To Love,Debbie Gibson,
959292,Rich Girl,Daryl Hall & John Oates,
959299,You Make My Dreams,Daryl Hall & John Oates,
959305,I Can't Go For That (No Can Do),Daryl Hall & John Oates,
960539,Out Of Touch,Daryl Hall & John Oates,
959323,Kiss On My List,Daryl Hall & John Oates,
72055417,One Shot (Radio Edit),JLS,
10445569,Life Goes On (2003 - Remaster),Poison,
3087538,Angels,Robbie Williams,
66632308,C'est Mieux Que D'aimer (Album Version),Mario Pelchat,
66632310,Rien Changer (Album Version),Mario Pelchat,
61529144,Lady In Black,Bad Boys Blue,
71306414,Avec classe,Corneille,
71307192,Plus rien n'est pareil,Dubmatique,
136408196,Master Of Puppets (Remastered),Metallica,
136408184,Fade To Black (Remastered),Metallica,
136408212,...And Justice For All,Metallica,
136408206,Orion (Remastered),Metallica,
136408180,Ride The Lightning (Remastered),Metallica,
136408174,Seek & Destroy (Remastered),Metallica,
136408190,Creeping Death (Remastered),Metallica,
136408210,Blackened,Metallica,
136408220,Harvester Of Sorrow,Metallica,
136408218,The Shortest Straw,Metallica,
136408226,Dyers Eve,Metallica,
136408224,To Live Is to Die,Metallica,
136408214,Eye Of The Beholder,Metallica,
136408216,One,Metallica,
136408188,Escape (Remastered),Metallica,
136408168,Whiplash (Remastered),Metallica,
136408182,For Whom The Bell Tolls (Remastered),Metallica,
17730985,Centerfield,John Fogerty,
17730986,I Can't Help Myself,John Fogerty,
126040105,Finest Girl (Bin Laden Song),The Lonely Island,
126040101,Equal Rights,The Lonely Island,
126040137,Incredible Thoughts,The Lonely Island,
17454047,Jack Sparrow,The Lonely Island,
2812593,Hanky Panky,Madonna,
65655595,"Circle Of Life (From ""The Lion King""/Soundtrack)",Carmen Twillie,
764920,I'm a Believer,The Monkees,
3541319,Just A Gigolo/I Ain't Got Nobody (Medley) (1991 Digital Remaster),Louis Prima,
72382790,Misirlou,Dick Dale & His Del-tones,
546725,"Theme from ""The Dukes of Hazzard"" (Good Ol' Boys)",Waylon Jennings,
72053004,"Under the Sea (From ""The Little Mermaid"")",Samuel E. Wright,
67398051,"I'll Make a Man Out of You (From ""Mulan""/Soundtrack)",Donny Osmond,
3117895,You'll Be In My Heart,Phil Collins,
65652417,Beautiful Soul,Jesse McCartney,
3117892,Strangers Like Me,Phil Collins,
18091454,True To Your Heart (Album Version),98º,
675788,How Am I Supposed To Live Without You,Laura Branigan,
787206,Give Me Novacaine/She's A Rebel,Green Day,
77626602,Comme on attend le printemps,Jérôme Couture,
132249456,My Sweetest Thing,Jérôme Couture,
132249468,Oublions tout,Jérôme Couture,
132249464,On s'en fout,Jérôme Couture,
599309,Together Forever (Lover's Leap Remix),Rick Astley,
1718748,"Boys, Boys, Boys",Super Party 80,
1008560,Girl I'm Gonna Miss You,Milli Vanilli,
13020397,Blame It on the Rain,Milli Vanilli,
685227,I Feel For You,Chaka Khan,
10474073,Knock On Wood (Rivisited Version),Amii Stewart,
638487,Der Kommissar,Falco,
2838140,Partenaire Particulier,Partenaire Particulier,
584172,Call Me,Spagna,
80396502,Easy Lady,Spagna,
5367498,Words (Original Version 1983),F.R. David,
17457019,Jack Sparrow,The Lonely Island,
94363852,Bailando (English Version),Enrique Iglesias,
2794574,You Must Love Me,Madonna,
136408164,Jump In The Fire (Remastered),Metallica,
119339970,The Hands of Man,Chris de Burgh,
66499411,Stutter,Marianas Trench,
42488821,Levon,Elton John,
723849,Borderline (Remix),Madonna,
72218012,I Say A Little Prayer,Cast,
15627440,Cry For Help,Rick Astley,
88611685,High on You,Survivor,
15702422,What About Love,Meat Loaf,
899945,I Feel the Earth Move,Martika,
4108057,Les démons de minuit,Images,
136408222,The Frayed Ends Of Sanity,Metallica,
136408186,Trapped Under Ice (Remastered),Metallica,
371184991,Bon appétit,Katy Perry,
17454055,Motherlover,The Lonely Island,
59509541,The Way You Make Me Feel (2012 Remaster),Michael Jackson,
5404556,Let's Hear It for the Boy,Deniece Williams,
17982186,Gigi L'Amoroso,Dalida,
135826734,La fille qui m’accompagne,Francis Cabrel,
135826742,C’est écrit,Francis Cabrel,
135826744,Encore et encore,Francis Cabrel,
135826766,La corrida,Francis Cabrel,
135826776,Rosie,Francis Cabrel,
135826768,Sarbacane,Francis Cabrel,
17895333,Dick In A Box,The Lonely Island,
126040107,Mona Lisa,The Lonely Island,
6259349,Mickey,Toni Basil,
89744999,Good Girls (Acoustic),5 Seconds Of Summer,
83931577,Daylight,5 Seconds Of Summer,
67812648,3-Way (The Golden Rule),The Lonely Island,
88091545,Quelque chose de Tennessee,Johnny Hallyday,
142986200,Castle on the Hill,Ed Sheeran,
376219441,Castle on the Hill (Throttle Remix),Ed Sheeran,
136331680,Coeur de rocker,Julien Clerc,
88091559,Laura,Johnny Hallyday,
5190288,Tonight (Original Edit),Ken Laszlo,
363603291,D’la bière au ciel,Lendemain de veille,
141337083,Ville De Lumière (2017 Remastered),Gold,
563834,"You're My Heart, You're My Soul",Modern Talking,
966297,Azul,Cristian,
112662184,Mr. Blue Sky,Electric Light Orchestra,
116914116,Nobody Home,Pink Floyd,
3613218,Changes,Yes,
20451001,The Friends Of Mr. Cairo,Jon & Vangelis,
77544320,Les femmes,Étienne Drapeau,
77544330,On veut de l'amour,"Marie-Eve Janvier, Jean-François Breau, Natasha St-Pier & Jonathan Roy",
77544325,Deux à aimer,Marie-Eve Janvier & Natasha St-Pier,
77544327,Seul,"Normand Lévesque, Amélie B. Simard, Étienne Drapeau, Natasha St-Pier, Jonathan Roy, Marie-Eve Janvier & Jean-François Breau",
77544314,L'homme qui a tout,Étienne Drapeau,
77544315,Cœur de pierre,Amélie B. Simard,
77544316,Dites lui,Natasha St-Pier,
77544317,Les fleurs du mal,Jean-François Breau & Etienne Drapeau,
77544318,Du plaisir,Jean-françois Breau,
77544319,N'as-tu pas honte,Natasha St-Pier,
77544321,Le sang des soldats,Jonathan Roy,
77544322,Les amoureux de Séville,Étienne Drapeau & Amélie B. Simard,
77544323,Changer,Marie-Eve Janvier & Jean-François Breau,
77544324,Je pense à lui,Marie-Ève Janvier,
77544326,Seulement l'amour,Marie-Eve Janvier & Jean-François Breau,
77544328,Tristesa Andalucia,Chico,
77544329,Don Juan est mort,"Étienne Drapeau, Normand Lévesque, Marie-Eve Janvier, Amélie B. Simard & Natasha St-Pier",
77544331,L'amour est plus fort,Natasha St-Pier & Amélie B. Simard Marie-Eve Janvier,
18053326,Authority Song (Album Version),John Mellencamp,
18053324,Crumblin' Down (Album Version),John Mellencamp,
18053331,Cherry Bomb (Album Version),John Mellencamp,
18053329,R.O.C.K. In The U.S.A. (A Salute To 60's Rock) (Album Version),John Mellencamp,
18053330,Paper In Fire (Album Version),John Mellencamp,
8146787,Kissing a Fool (Remastered),George Michael,
17733682,Running In The Family (Single Version),Level 42,
200982,Le métro n'attend pas,Daniel Lavoie,
361663331,Je voudrais voir New York (feat. Martin Léon),Daniel Lavoie,
361663251,Jour de plaine (feat. Jorane),Daniel Lavoie,
200960,Jours de plaine,Daniel Lavoie,
200976,Tension attention !,Daniel Lavoie,
361663271,Qui sait (feat. Maurane),Daniel Lavoie,
200921,Je voudrais voir New-York,Daniel Lavoie,
3588160,Shock The Monkey,Coal Chamber,
395094692,Friends,Justin Bieber,
422304962,What Lovers Do,Maroon 5,
122737720,Échec et mat,Marie Denise Pelletier,
122737730,Pourquoi? (Si difficile de s'aimer),Marie Denise Pelletier,
128234799,Sur Ma Peau,Paul Piché,
128234807,Un Château De Sable,Paul Piché,
128227977,Homme Autonome,Damien Robitaille,
63125282,La seule chose que tu me dois,Les Respectables,
63125281,Mêle-toi de tes affaires,Les Respectables,
62509075,La vie c't'une job,Les Respectables,
136849794,Plus rien à faire,Alfa Rococo,
136849782,Lever l'ancre,Alfa Rococo,
362738811,Le goût de l'eau,Michel Rivard,
362739861,Ma blonde et les poissons,Michel Rivard,
362738771,Rumeurs sur la ville,Michel Rivard,
362739881,Un trou dans les nuages,Michel Rivard,
362738831,La lune d'automne,Michel Rivard,
362739821,Le privé,Michel Rivard,
350882961,PDA,Scott Helman,
13816441,Hold On Tight,Electric Light Orchestra,
112662192,Wild West Hero,Electric Light Orchestra,
541393,Mr. Blue Sky,Electric Light Orchestra,
5748517,Telephone Line,Electric Light Orchestra,
75487832,Make Me Lose Control,Eric Carmen,
3358294,Too Shy,Kajagoogoo,
420896172,Every Breath You Take,The Police,
594827,Crazy Train,Ozzy Osbourne,
13179889,"Der Kommissar (7"" Version)",After The Fire,
134036212,In The Air Tonight (2015 Remastered),Phil Collins,
69962764,Should I Stay or Should I Go (Remastered),The Clash,
626119,Cum on Feel the Noize,Quiet Riot,
38084061,Pour Some Sugar On Me (2012),Def Leppard,
134109554,Je veux,ZAZ,
108549184,Si jamais j'oublie,ZAZ,
17975972,Mr. Telephone Man (Album Version),New Edition,
89617121,Pass the Dutchie (Re-Recorded),Musical Youth,
372667921,Je voudrais voir New-York (feat. Daniel Lavoie),Le Grand Chœur,
128234863,Sur Ma Peau,Paul Piché,
5491626,Der Kommissar (Re-Recorded / Remastered),After The Fire,
62625484,Wild Thing (Re-Recorded),Tone-Loc,
62378007,Turning Japanese (from Beverly Hills Ninja),The Vibrators,
10249646,Every 1’s A Winner (Re-recorded / Remastered),Hot Chocolate,
2344583,Ring My Bell (Re-Recorded),Anita Ward,
68382799,Abracadabra,John Parr,
140307583,I Want to Hold Your Hand,Al Green,
92136134,Candy Girl,New Edition,
17942262,Can You Stand The Rain,New Edition,
13816426,Telephone Line,Electric Light Orchestra,
134109572,Eblouie par la nuit,ZAZ,
134109564,Ni oui ni non,ZAZ,
561836,Sweet Dreams (Are Made of This) (Remastered),Eurythmics,
797434,Love Will Tear Us Apart,Joy Division,
6071028,"When the Going Gets Tough, the Tough Get Going",Billy Ocean,
15615655,Love Really Hurts Without You,Billy Ocean,
362739161,Le privé,Michel Rivard,
66643421,Reste-là (Album Version),Mario Pelchat,
9809717,One More Try (Remastered),George Michael,
15397766,Le Pouding A L'Arsenic (Live at Le Spectrum),Les Colocs,
429507692,Ma taverne (Live),La Chicane,
77496625,Nous sommes les mêmes,Marc Dupré,
95779884,Rêve encore,Marc Dupré,
125137912,My Sweetest Thing,Jérôme Couture,
132249454,Plus fort que tout,Jérôme Couture,
77626592,Goodbye Girl,Jérôme Couture,
75487813,All By Myself (Remastered),Eric Carmen,
75487828,It Hurts Too Much (Remastered),Eric Carmen,
68661137,Prends bien garde,Julie Masse,
420695042,Elle me dit,L'Essentiel De La Chanson Française,
15626285,One More Try (Remastered 2006),George Michael,
68661139,Billy,Julie Masse,
68661171,À quoi rêvent les millionnaires,Julie Masse,
95730676,We Don't Have to Take Our Clothes Off,80s Unforgettable Hits,
115784600,I Knew You Were Waiting (For Me),80s Chartstarz,
115784620,French Kissin,80s Chartstarz,
114173762,Where Do Broken Hearts Go,80s Chartstarz,
5156634,Parents Just Dont Understand,Modern Rock Players,
5156654,2 Legit 2 Quit,Modern Rock Players,
417442332,"De Do Do Do, De Da Da Da",The Police,
139598393,Rumours,Timex Social Club,
2795610,Saving All My Love for You,Whitney Houston,
75981532,So Emotional,Whitney Houston,
969205,All The Man That I Need,Whitney Houston,
2795615,So Emotional (Remastered),Whitney Houston,
75981537,Where Do Broken Hearts Go,Whitney Houston,
75981531,Didn't We Almost Have It All,Whitney Houston,
64764529,Mirrors,Justin Timberlake,
1014083,"Time, Love And Tenderness (Single Version)",Michael Bolton,
17296189,Pop Goes The World,Men Without Hats,
19815001,Antisocial,Anthrax,
3891545,Ding Dong Song (Radio edit),Günther & The Sunshine Girls,
126919377,Rollercoaster,Alyssa Reid,
448394922,Nadie ha dicho,Laura Pausini,
610989,100 Years,Five for Fighting,
69382625,What If,Five for Fighting,
65655684,All I Know,Five for Fighting,
135447500,The Day I Died,Five for Fighting,
135447498,Your Man,Five for Fighting,
135447494,Symphony Lane,Five for Fighting,
140666497,Fou,Andréanne A. Malette,
107856134,Daniella Denmark,Jonathan Roy,
15682854,Rive-Sud (2008 Digital Remaster),Beau Dommage,
428477282,Échame La Culpa,Luis Fonsi,
18051278,Fight For Your Right,Beastie Boys,
86306161,Je m'envole avec toi,Collage,
86306159,Chanson d'amour,Collage,
86306165,La vie est belle,Collage,
86306151,Boquet d'or,Collage,
17681727,Danza Kuduro,Don Omar,
13161111,September,"Earth, Wind & Fire",
17611901,Superstition,Stevie Wonder,
17461523,I Heard It Through The Grapevine,Marvin Gaye,
3087241,21 Guns,Green Day,
13166816,I Write The Songs,Barry Manilow,
6625821,Two Of Hearts,Stacey Q,
623616,Bark at the Moon,Ozzy Osbourne,
71268853,Souvent longtemps énormément,Diane Tell,
3517334,La fille aux bas nylon,Julien Clerc,
16978440,Ces Idées La,Slows,
15593986,If I Knew Then,Backstreet Boys,
15593983,Bigger,Backstreet Boys,
80902780,Good Girls,5 Seconds Of Summer,
114374792,Breakdown,Guns N' Roses,
114374798,So Fine,Guns N' Roses,
17605939,Mr. Brownstone,Guns N' Roses,
17605938,Out Ta Get Me,Guns N' Roses,
17605936,It's So Easy,Guns N' Roses,
1014978,Why Trust You,Alice Cooper,
1014298,Hell Is Living Without You,Alice Cooper,
1014302,Spark in the Dark,Alice Cooper,
552396,Bed of Nails,Alice Cooper,
1014276,Only My Heart Talkin',Alice Cooper,
1013768,I'm Your Gun,Alice Cooper,
1015804,Bed of Nails,Alice Cooper,
7675057,Heaven in Your Eyes,Loverboy,
857994,Brown Eyed Girl,Van Morrison,
94856332,Vivo per lei,Andrea Bocelli,
428690122,Smalltown Boy,Bronski Beat,
55001471,True Devotion,Samantha Fox,
55001531,The Best Is Yet To Come,Samantha Fox,
17604914,Civil War,Guns N' Roses,
17605941,My Michelle,Guns N' Roses,
17605946,Rocket Queen,Guns N' Roses,
17605948,Nice Boys (Live Version Explicit),Guns N' Roses,
17608169,Bad Obsession (Album Version Explicit),Guns N' Roses,
5093786,Right Now,Van Halen,
3826816,"""5150""",Van Halen,
3826815,Love Walks In,Van Halen,
3826813,Summer Nights,Van Halen,
3826814,Best of Both Worlds,Van Halen,
3826809,Good Enough,Van Halen,
5093777,Dance The Night Away,Van Halen,
5093782,Why Can't This Be Love,Van Halen,
5093784,When It's Love,Van Halen,
5093783,Dreams,Van Halen,
5093788,Humans Being,Van Halen,
3114299,La Liste,Rose,
567681,Don't Answer Me,The Alan Parsons Project,
66643429,Ailleurs (Album Version),Mario Pelchat,
66643420,Voyager Sans Toi (Album Version),Mario Pelchat,
65312768,Leave A Light On,Belinda Carlisle,
66643425,Quand On Y Croit (Album Version),Mario Pelchat,
428735752,Why ?,Bronski Beat,
460599202,Avec tes yeux (Pretty Face) (Bonus),Roch Voisine,
460598962,La-bas dans l'ombre (Bonus) (Version Européenne),Roch Voisine,
128236005,L'oeil Du Zig,Zebulon,
128235945,Les Femmes Préfèrent Les Ginos,Zebulon,
128235999,Le Pédophile Cybernétique,Zebulon,
128236007,Pas Capable,Zebulon,
128236009,Casino,Zebulon,
128236003,Y Fait Chaud,Zebulon,
108945654,Who Do You Love,Marianas Trench,
77477943,Sans cri ni haine,Marie-Mai,
125468090,Two Out of Three Ain't Bad,Meat Loaf,
125468084,You Took The Words Right Out of My Mouth (Hot Summer Night),Meat Loaf,
125468086,Heaven Can Wait,Meat Loaf,
532258,Paradise by the Dashboard Light,Meat Loaf,
125468094,For Crying Out Loud,Meat Loaf,
17683899,Good Girls Go To Heaven (Bad Girls Go Everywhere),Meat Loaf,
17682417,Lost Boys And Golden Girls,Meat Loaf,
1636751,Paradise By The Dashboard Light,Various Artists - Meatloaf Tribute,
15702411,The Monster Is Loose,Meat Loaf,
15702414,Bad For Good,Meat Loaf,
15702415,Cry Over Me,Meat Loaf,
15702416,"In The Land Of The Pig, The Butcher Is King",Meat Loaf,
87532255,I'd Do Anything For Love (But I Won't Do That),Meat Loaf,
87532259,I'd Lie For You (And That's The Truth),Meat Loaf,
87532261,Objects In The Rear View Mirror May Appear Closer Than They Are,Meat Loaf,
17685703,Not A Dry Eye In The House,Meat Loaf,
17683898,Everything Louder Than Everything Else,Meat Loaf,
72544966,Best Song Ever,One Direction,
7460106,Go West (Radio Edit),Pet Shop Boys,
3122973,It's A Sin,Pet Shop Boys,
119121716,Wear My Hat (Live) (2016 Remastered),Phil Collins,
3037376,Neutron Dance,The Pointer Sisters,
69382614,Dès que le vent soufflera,Renaud,
3087487,Should've Known Better,Richard Marx,
70777428,Somebody Somewhere,Platinum Blonde,
575563,How Can We Be Lovers,Michael Bolton,
4290174,Do You Remember,Phil Collins,
4290175,One More Night,Phil Collins,
4290176,Against All Odds,Phil Collins,
134036426,Against All Odds (Take A Look At Me Now) (2016 Remastered),Phil Collins,
134036244,A Groovy Kind Of Love (2016 Remastered),Phil Collins,
134036236,One More Night (2016 Remastered),Phil Collins,
134036242,Separate Lives (Love Theme From White Nights) (2016 Remastered),Phil Collins,
134036222,I Don't Care Anymore (2016 Remastered),Phil Collins,
1082675,1-2-3,Gloria Estefan,
565055,Conga,Miami Sound Machine,
3247470,She Ain't Pretty,The Northern Pikes,
80585656,"The Heat Is On (From ""Beverly Hills Cop"" Soundtrack)",Hanny Williams,
26088821,You Belong To The City,Glenn Frey,
3114331,Miss Maggie,Renaud,
3296790,Jonathan,Renaud,
555643,P.Y.T. (Pretty Young Thing),Michael Jackson,
2271563,Fast Car,Tracy Chapman,
116914114,Is There Anybody Out There?,Pink Floyd,
116914158,The Final Cut,Pink Floyd,
116914024,The Great Gig in the Sky,Pink Floyd,
3140136,Eyes Without A Face (1999 - Remaster),Billy Idol,
3140137,Flesh For Fantasy (1999 Digital Remaster),Billy Idol,
3102243,To Be A Lover (2001 Digital Remaster),Billy Idol,
3140140,Don't Need A Gun (2001 Digital Remaster),Billy Idol,
2168810,We Didn't Start the Fire,Billy Joel,
123783374,Loverboy,Billy Ocean,
17600808,Thought I'd Died And Gone To Heaven Album Version,Bryan Adams,
136336116,That's What I Like,Bruno Mars,
3015797,Angel Of My Soul (Album Version),Corey Hart,
3015804,Sunflowers (Album Version),Corey Hart,
3015798,Kiss The Sky (Album Version),Corey Hart,
131066092,Sunglasses at Night,Corey Hart,
-2771854666,Amnesia,5 Seconds Of Summer,
12731278,"Oh Happy Day (In the Style of ""Sister Act 2"") [Performance Track with Demonstration Vocals]",Done Again,
12792670,Joyful Joyful,Wishing On A Star,
10497929,Goin' Crazy [Loco del Calor],David Lee Roth,
72411474,Notre amour,Valérie Carpentier,
17824427,Combien de temps,Stephan Eicher,
17824432,Pas D'Ami (Comme Toi) (Edit),Stephan Eicher,
600884,J'te l'dis quand même,Patrick Bruel,
600876,Casser La Voix,Patrick Bruel,
600887,Dors,Patrick Bruel,
90277485,She's Only Happy When She's Dancin',Bryan Adams,
63561399,Ain't No Mountain High Enough (feat. Kelly Rowland),Michael Bolton,
15176128,Love Is a Wonderful Thing,Michael Bolton,
72171717,Vulnérable comme un bébé chat,Bleu Jeans Bleu,
119246120,Pantalon de yoga,Bleu Jeans Bleu,
66319167,Je me touche dans le parc,Les Trois Accords,
426559672,Turbo sympathique,Les Trois Accords,
426559632,Laisse-moi,Les Trois Accords,
3482138,All I Wanna Do Is Make Love To You,Heart,
